{
  "study_name": "aftershock_tuning",
  "n_trials": 1,
  "best_trial_number": 0,
  "best_oof_score": 9.583468957706295,
  "best_params": {
    "lgb_learning_rate": 0.023688639503640783,
    "lgb_num_leaves": 222,
    "lgb_max_depth": 12,
    "lgb_min_child_samples": 29,
    "lgb_subsample": 0.5702083881990965,
    "lgb_colsample_bytree": 0.48579698618491146,
    "lgb_reg_alpha": 0.0001707396743152812,
    "lgb_reg_lambda": 5.3994844097874335,
    "xgb_learning_rate": 0.039913058785616795,
    "xgb_max_depth": 10,
    "xgb_min_child_weight": 2,
    "xgb_subsample": 0.9364594334728974,
    "xgb_colsample_bytree": 0.8578434524402319,
    "xgb_reg_alpha": 0.0011526449540315614,
    "xgb_reg_lambda": 0.23102018878452935,
    "feature_selection": false,
    "feature_selection_ratio": 0.7836647510712832,
    "feature_selection_min": 37,
    "purge_days": 31.17201863643748,
    "min_purge_days": 14.01335210500283,
    "ensemble_grid_step": 0.05
  },
  "best_holdout": {
    "holdout_mag_rmse": 2.5526511535620813,
    "holdout_mag_mae": 2.0189820279245283,
    "holdout_time_rmse": 8.686509276647225,
    "holdout_time_mae": 7.3544757521305,
    "holdout_time_asymmetric_rmse": 9.903739464104893,
    "holdout_time_asymmetric_mae": 11.232139653638272,
    "holdout_combined": 12.456390617666974,
    "holdout_n": 20.0
  },
  "late_weight": 2.0,
  "timestamp": "2026-05-19T02:58:01.520146+00:00"
}