mainshock_id,predicted_max_mag,predicted_time_to_max
20010126031640_eq,5.522545538542587,7.577944347155041
