mainshock_id,predicted_max_mag,predicted_time_to_max
20010126031640_eq,5.503642559051514,10.361079621027322
