mainshock_id,predicted_max_mag,predicted_time_to_max
20010126031640_eq,5.543052793211689,9.908990340133322
