mainshock_id,predicted_max_mag,predicted_time_to_max
20021103221241_eq,5.21427583694458,4.361287478941482
