mainshock_id,predicted_max_mag,predicted_time_to_max
20021103221241_eq,5.256656286853064,4.670883234886713
