mainshock_id,predicted_max_mag,predicted_time_to_max
20021103221241_eq,5.287413951146324,4.591384584132325
