mainshock_id,predicted_max_mag,predicted_time_to_max
20031227160059_eq,6.183802180592648,4.546387888156455
