mainshock_id,predicted_max_mag,predicted_time_to_max
20031227160059_eq,6.769906914719613,5.145388189467274
