mainshock_id,predicted_max_mag,predicted_time_to_max
20031227160059_eq,6.142472489371123,4.524161703413644
