mainshock_id,predicted_max_mag,predicted_time_to_max
20031227160059_eq,6.713686466217041,4.903602089695126
