mainshock_id,predicted_max_mag,predicted_time_to_max
20031227160059_eq,6.571738375582208,3.609278797801709
