mainshock_id,predicted_max_mag,predicted_time_to_max
20031227160059_eq,6.310236600484561,4.175646922292211
