mainshock_id,predicted_max_mag,predicted_time_to_max
20031227160059_eq,6.662859068756269,4.589324507932951
