mainshock_id,predicted_max_mag,predicted_time_to_max
20070815234057_eq,5.961854934692383,2.8468363634354326
