mainshock_id,predicted_max_mag,predicted_time_to_max
20070815234057_eq,5.891067012484498,2.7358850280068236
