mainshock_id,predicted_max_mag,predicted_time_to_max
20070815234057_eq,6.073889376723152,2.4350276351085265
