mainshock_id,predicted_max_mag,predicted_time_to_max
20080512062804_eq,5.732607546166864,4.509901022138644
