mainshock_id,predicted_max_mag,predicted_time_to_max
20080512062804_eq,5.5927070353412205,4.065005917891493
