mainshock_id,predicted_max_mag,predicted_time_to_max
20080512062804_eq,5.719040393829346,3.880355801374944
