mainshock_id,predicted_max_mag,predicted_time_to_max
20100227080123_eq,5.3733184970573475,6.959687955549935
