mainshock_id,predicted_max_mag,predicted_time_to_max
20100227080123_eq,5.319773474848664,8.863755539784105
