mainshock_id,predicted_max_mag,predicted_time_to_max
20100227080123_eq,5.164443492889404,8.581128101430993
