mainshock_id,predicted_max_mag,predicted_time_to_max
20110311054624_eq,6.547291191265324,13.471967565005476
