mainshock_id,predicted_max_mag,predicted_time_to_max
20110311054624_eq,6.865750312805176,19.26731536779525
