mainshock_id,predicted_max_mag,predicted_time_to_max
20110311054624_eq,6.365683384599356,12.088227830063497
