mainshock_id,predicted_max_mag,predicted_time_to_max
20110311054624_eq,6.8310493700129635,18.106832162353257
