mainshock_id,predicted_max_mag,predicted_time_to_max
20110311054624_eq,6.46554649935692,18.34578081359531
