mainshock_id,predicted_max_mag,predicted_time_to_max
20110311054624_eq,6.538208889318821,15.818106655435901
