mainshock_id,predicted_max_mag,predicted_time_to_max
20120411083836_eq,5.691564840275328,5.308590798579544
