mainshock_id,predicted_max_mag,predicted_time_to_max
20120411083836_eq,5.651174068450928,5.996037835621618
