mainshock_id,predicted_max_mag,predicted_time_to_max
20120411083836_eq,5.764718058611199,5.872142583485057
