mainshock_id,predicted_max_mag,predicted_time_to_max
20130420000246_eq,5.135439803322322,6.5499110184989915
