mainshock_id,predicted_max_mag,predicted_time_to_max
20130420000246_eq,4.952844510284131,8.011844226603024
