mainshock_id,predicted_max_mag,predicted_time_to_max
20130420000246_eq,5.006600379943848,8.266518417141246
