mainshock_id,predicted_max_mag,predicted_time_to_max
20150425061125_eq,5.345736980438232,11.426500569196408
