mainshock_id,predicted_max_mag,predicted_time_to_max
20150425061125_eq,5.530145955392284,8.080681599608495
