mainshock_id,predicted_max_mag,predicted_time_to_max
20150425061125_eq,5.417581019848473,12.066058825653156
