mainshock_id,predicted_max_mag,predicted_time_to_max
20190706031953_eq,5.010838031768799,4.145412012649158
