mainshock_id,predicted_max_mag,predicted_time_to_max
20190706031953_eq,4.960835491112075,4.346072777457099
