mainshock_id,predicted_max_mag,predicted_time_to_max
20190706031953_eq,5.063567672369584,5.474578788226006
