mainshock_id,predicted_max_mag,predicted_time_to_max
20201030115127_eq,4.77328339926461,6.184675469198519
