mainshock_id,predicted_max_mag,predicted_time_to_max
20201030115127_eq,4.734666674154687,6.909922404472146
