mainshock_id,predicted_max_mag,predicted_time_to_max
20201030115127_eq,4.749229907989502,6.508715124323829
