mainshock_id,predicted_max_mag,predicted_time_to_max
20210814122908_eq,4.9852681159973145,3.3812961817810847
