mainshock_id,predicted_max_mag,predicted_time_to_max
20210521180411_eq,5.08328768338686,4.05442668579226
