mainshock_id,predicted_max_mag,predicted_time_to_max
20210521134834_eq,4.8835835456848145,6.388045981480751
