mainshock_id,predicted_max_mag,predicted_time_to_max
20210521180411_eq,5.066312789916992,4.4055906358560035
