mainshock_id,predicted_max_mag,predicted_time_to_max
20210521134834_eq,4.871206584571982,5.721680894233838
