mainshock_id,predicted_max_mag,predicted_time_to_max
20210521134834_eq,3.4000000000000004,0.5604974578706265
