mainshock_id,predicted_max_mag,predicted_time_to_max
20210521180411_eq,5.194446783558279,5.929571784837076
