mainshock_id,predicted_max_mag,predicted_time_to_max
20210814122908_eq,5.056675716460811,3.5656914828139734
