mainshock_id,predicted_max_mag,predicted_time_to_max
20210521134834_eq,4.8360652619086855,6.668381797980062
