mainshock_id,predicted_max_mag,predicted_time_to_max
20210814122908_eq,4.9656406614686635,3.0640799248857125
