mainshock_id,predicted_max_mag,predicted_time_to_max
20220905045218_eq,4.6181651505628425,5.320224408037991
