mainshock_id,predicted_max_mag,predicted_time_to_max
20220905045218_eq,4.699368000030518,5.883301300126391
