mainshock_id,predicted_max_mag,predicted_time_to_max
20220905045218_eq,4.6369667075676775,5.01464616582837
