mainshock_id,predicted_max_mag,predicted_time_to_max
20231202143704_eq,5.812562070430891,3.6616758075147504
