mainshock_id,predicted_max_mag,predicted_time_to_max
20231202143704_eq,5.901924004821321,3.8307956625943573
