mainshock_id,predicted_max_mag,predicted_time_to_max
20230206011734_eq,5.228273868560791,15.67918394500095
