mainshock_id,predicted_max_mag,predicted_time_to_max
20230206011734_eq,5.525488169774696,9.810992762702663
