mainshock_id,predicted_max_mag,predicted_time_to_max
20231202143704_eq,5.788846492767334,3.4358842175281143
