mainshock_id,predicted_max_mag,predicted_time_to_max
20230206011734_eq,5.16886578471631,17.24284139701983
