mainshock_id,predicted_max_mag,predicted_time_to_max
20240122180905_eq,5.217878818511963,6.703537378895465
