mainshock_id,predicted_max_mag,predicted_time_to_max
20240122180905_eq,5.30879135214504,6.012175383673732
