mainshock_id,predicted_max_mag,predicted_time_to_max
20240122180905_eq,5.284970282418298,4.875536576385582
