{
  "created_at": "2026-05-18T08:40:08.530302+00:00",
  "training_data": "/Users/ningyedong/Coding/人工智能导论/余震预测技术国际大赛/data/processed/advanced_features.csv",
  "feature_count": 94,
  "target_cols": [
    "target_max_mag",
    "target_time_to_max_days"
  ],
  "time_target_transform": "log1p",
  "time_col": "mainshock_time",
  "model_type": "both",
  "model_backends": {
    "baseline": "lightgbm_asymmetric_time",
    "xgboost": "xgboost"
  },
  "n_splits": 5,
  "purge_days": 30.0,
  "seed": 42,
  "late_weight": 2.0,
  "n_estimators": 500,
  "learning_rate": 0.02,
  "use_asymmetric_time_objective": true,
  "mean_metrics_by_model": {
    "baseline": {
      "purge_days": 30.0,
      "mag_rmse": 0.5307967139605824,
      "mag_mae": 0.42535870396974335,
      "time_rmse": 8.353940744672823,
      "time_mae": 6.729106658036811,
      "time_asymmetric_mae": 9.235280766408813,
      "time_asymmetric_rmse": 9.374185308720087
    },
    "xgboost": {
      "purge_days": 30.0,
      "mag_rmse": 0.524003983825268,
      "mag_mae": 0.4212101746605289,
      "time_rmse": 8.571533315583075,
      "time_mae": 6.715930749793562,
      "time_asymmetric_mae": 8.514720518982317,
      "time_asymmetric_rmse": 9.166581985679018
    }
  },
  "ensemble_weights": {
    "baseline": 0.12,
    "xgboost": 0.88,
    "dl": 0.0,
    "gnn": 0.0,
    "_mag_baseline_w": 0.12,
    "_time_baseline_w": 0.28
  },
  "ensemble_metrics": {
    "mag_rmse": 0.5249329121928302,
    "mag_mae": 0.42089831577449854,
    "time_rmse": 8.445263747890245,
    "time_mae": 6.672551528057543,
    "time_asymmetric_mae": 8.645874674195541,
    "time_asymmetric_rmse": 9.132856650625458,
    "ensemble_objective": 9.657789562818287
  }
}