{
  "created_at": "2026-05-20T15:21:04.632951+00:00",
  "training_data": "/home/ningyd/CodingSpace/aftershock_prediction/data/processed/advanced_features.csv",
  "feature_count": 109,
  "target_cols": [
    "target_max_mag",
    "target_time_to_max_days"
  ],
  "time_target_transform": "log1p",
  "time_col": "mainshock_time",
  "model_type": "both",
  "model_backends": {
    "baseline": "lightgbm_asymmetric_time_cuda",
    "xgboost": "xgboost"
  },
  "n_splits": 5,
  "purge_days": 30.0,
  "seed": 42,
  "late_weight": 2.0,
  "n_estimators": 500,
  "learning_rate": 0.02,
  "use_asymmetric_time_objective": true,
  "mean_metrics_by_model": {
    "baseline": {
      "purge_days": 30.0,
      "mag_rmse": 0.5329132840374775,
      "mag_mae": 0.4273783554498799,
      "mag_medae": 0.3701724794009518,
      "mag_weighted_rmse": 0.6372060348285197,
      "time_rmse": 8.370610353250413,
      "time_mae": 6.7735474028775755,
      "time_medae": 5.577799773552013,
      "time_log_rmse": 0.41753804693506025,
      "time_hit_rate": 0.11935483870967742,
      "time_asymmetric_mae": 9.335193571219781,
      "time_asymmetric_rmse": 9.417649842155674,
      "mag_energy_ratio_median": 3.626782607825457,
      "mag_energy_ratio_mean": 10.972975436877883
    },
    "xgboost": {
      "purge_days": 30.0,
      "mag_rmse": 0.5231743022608861,
      "mag_mae": 0.4203979210930486,
      "mag_medae": 0.3551136684417723,
      "mag_weighted_rmse": 0.633074512995271,
      "time_rmse": 8.592214891103666,
      "time_mae": 6.74267753231302,
      "time_medae": 5.111114441016983,
      "time_log_rmse": 0.4105008605166587,
      "time_hit_rate": 0.1125,
      "time_asymmetric_mae": 8.555904831496271,
      "time_asymmetric_rmse": 9.191850710544895,
      "mag_energy_ratio_median": 3.4361125578792233,
      "mag_energy_ratio_mean": 10.376233599655446
    }
  },
  "ensemble_weights": {
    "baseline": 0.0,
    "xgboost": 1.0,
    "dl": 0.0,
    "gnn": 0.0,
    "_mag_baseline_w": 0.0,
    "_time_baseline_w": 0.26
  },
  "ensemble_metrics": {
    "mag_rmse": 0.5242716156663408,
    "mag_mae": 0.42039792109304863,
    "mag_medae": 0.355722999572754,
    "mag_weighted_rmse": 0.6356554384069191,
    "time_rmse": 8.470818153772363,
    "time_mae": 6.6982000934749,
    "time_medae": 5.189226141005018,
    "time_log_rmse": 0.40915958419126724,
    "time_hit_rate": 0.1217741935483871,
    "time_asymmetric_mae": 8.679764496047024,
    "time_asymmetric_rmse": 9.162017470516162,
    "mag_energy_ratio_median": 3.416530547259609,
    "mag_energy_ratio_mean": 10.376233599655444,
    "ensemble_objective": 9.686289086182503
  }
}