{
  "created_at": "2026-05-19T13:40:40.483282+00:00",
  "training_data": "/home/ningyd/CodingSpace/aftershock_prediction/data/processed/advanced_features.csv",
  "feature_count": 99,
  "target_cols": [
    "target_max_mag",
    "target_time_to_max_days"
  ],
  "time_target_transform": "log1p",
  "time_col": "mainshock_time",
  "model_type": "both",
  "model_backends": {
    "baseline": "lightgbm_asymmetric_time_cuda",
    "xgboost": "xgboost"
  },
  "n_splits": 5,
  "purge_days": 30.0,
  "seed": 42,
  "late_weight": 2.0,
  "n_estimators": 500,
  "learning_rate": 0.02,
  "use_asymmetric_time_objective": true,
  "mean_metrics_by_model": {
    "baseline": {
      "purge_days": 30.0,
      "mag_rmse": 0.5310799851640603,
      "mag_mae": 0.4260073455068003,
      "time_rmse": 8.331877397855282,
      "time_mae": 6.72449382826252,
      "time_asymmetric_mae": 9.27642199869491,
      "time_asymmetric_rmse": 9.376689954292456
    },
    "xgboost": {
      "purge_days": 30.0,
      "mag_rmse": 0.5248061129308085,
      "mag_mae": 0.42138358199211856,
      "time_rmse": 8.595532330523,
      "time_mae": 6.744552789329548,
      "time_asymmetric_mae": 8.576384578716757,
      "time_asymmetric_rmse": 9.203632001256556
    }
  },
  "ensemble_weights": {
    "baseline": 0.14,
    "xgboost": 0.86,
    "dl": 0.0,
    "gnn": 0.0,
    "_mag_baseline_w": 0.14,
    "_time_baseline_w": 0.32
  },
  "ensemble_metrics": {
    "mag_rmse": 0.5257912528165871,
    "mag_mae": 0.42111093127832305,
    "time_rmse": 8.441741985442414,
    "time_mae": 6.683893717869946,
    "time_asymmetric_mae": 8.719036247232534,
    "time_asymmetric_rmse": 9.16173001034179,
    "ensemble_objective": 9.687521263158377
  }
}