mainshock_id,predicted_max_mag,predicted_time_to_max
20070815234057_eq,5.7766384674943705,5.851032308956756
