mainshock_id,predicted_max_mag,predicted_time_to_max
20080512062804_eq,6.545732573257697,6.39069720408025
