mainshock_id,predicted_max_mag,predicted_time_to_max
20150425061125_eq,5.453944486162627,4.394636467591288
