{
  "T1": {
    "threshold": 8.2,
    "margin": 2.7,
    "strength": 1.0,
    "oof_high_mae": 0.38155613546673856,
    "oof_rmse": 2.205298927096809,
    "oof_mae": 1.8455894486565823
  },
  "T2": {
    "threshold": 8.3,
    "margin": 3.3,
    "strength": 1.0,
    "oof_high_mae": 0.32873015422035695,
    "oof_rmse": 2.2564437205225527,
    "oof_mae": 1.7296160978412594
  },
  "T3": {
    "threshold": 7.1,
    "margin": 2.4,
    "strength": 1.0,
    "oof_high_mae": 0.47344188353399946,
    "oof_rmse": 2.327148979386943,
    "oof_mae": 1.8392085491872694
  }
}