window,mag_mae,mag_rmse,time_mae_h,time_rmse_h,time_mae_d,within_mag_05,within_time_24h
T1,0.42000000000000004,0.5683308895353127,2.9081805555555555,4.026999599635312,0.12117418981481483,0.8,1.0
T2,0.2799999999999999,0.4847679857416328,8.013902777777778,10.44730809534414,0.3339126157407407,0.85,1.0
T3,0.395,0.48114446894877627,22.429236111111106,26.199701100850742,0.9345515046296293,0.75,0.5
ALL,0.36499999999999994,0.5129977257909304,11.117106481481482,16.449795439340328,0.46321277006172834,0.8,0.8333333333333334
