{
  "created_at": "2026-05-25T10:07:54.537993+00:00",
  "data": "/home/ningyd/CodingSpace/aftershock_qualification_train/data/processed/qualification_features.csv",
  "window_metrics": {
    "T1": {
      "raw": {
        "mag_rmse": 2.3067514032740055,
        "mag_mae": 1.9701005996975358,
        "time_hour_rmse": 6.003142878725085,
        "time_hour_mae": 5.1794839023181,
        "time_hour_asym_rmse": 7.203335560895656,
        "time_hour_hit_rate": 0.1994904458598726
      },
      "postprocessed": {
        "mag_rmse": 2.320033911754347,
        "mag_mae": 1.8850496575784124,
        "time_hour_rmse": 5.990306007363063,
        "time_hour_mae": 5.173095431878956,
        "time_hour_asym_rmse": 7.1750767877921815,
        "time_hour_hit_rate": 0.19847133757961782
      },
      "extreme": {
        "raw_mag_mae": 2.422435239747336,
        "postprocessed_mag_mae": 2.0433675372594275,
        "extreme_count": 1056,
        "extreme_sample_rate": 0.26904458598726116
      },
      "time_bucket_accuracy": 0.4927388535031847
    },
    "T2": {
      "raw": {
        "mag_rmse": 1.9275956266739915,
        "mag_mae": 1.4471932479262177,
        "time_hour_rmse": 10.446230028538684,
        "time_hour_mae": 8.491673459345702,
        "time_hour_asym_rmse": 11.676122896940887,
        "time_hour_hit_rate": 0.7138853503184713
      },
      "postprocessed": {
        "mag_rmse": 2.0146366149435373,
        "mag_mae": 1.4737217092463144,
        "time_hour_rmse": 10.460263363888627,
        "time_hour_mae": 8.516113102254861,
        "time_hour_asym_rmse": 11.656779065679807,
        "time_hour_hit_rate": 0.7143949044585988
      },
      "extreme": {
        "raw_mag_mae": 2.31529047981591,
        "postprocessed_mag_mae": 1.9842046815439345,
        "extreme_count": 435,
        "extreme_sample_rate": 0.11082802547770701
      },
      "time_bucket_accuracy": 0.6718471337579618
    },
    "T3": {
      "raw": {
        "mag_rmse": 1.9452966928485624,
        "mag_mae": 1.4947808535762894,
        "time_hour_rmse": 20.90948993704362,
        "time_hour_mae": 16.995563470289238,
        "time_hour_asym_rmse": 23.359511635213977,
        "time_hour_hit_rate": 0.7793630573248408
      },
      "postprocessed": {
        "mag_rmse": 2.005471288305979,
        "mag_mae": 1.5112309366207393,
        "time_hour_rmse": 20.92172657848174,
        "time_hour_mae": 17.034645361590066,
        "time_hour_asym_rmse": 23.303267510498742,
        "time_hour_hit_rate": 0.7788535031847134
      },
      "extreme": {
        "raw_mag_mae": 2.606961882249573,
        "postprocessed_mag_mae": 2.2120628992903546,
        "extreme_count": 366,
        "extreme_sample_rate": 0.0932484076433121
      },
      "time_bucket_accuracy": 0.6929936305732484
    }
  }
}