{
  "study_name": "aftershock_tune_20260520",
  "n_trials": 100,
  "best_trial_number": 91,
  "best_oof_score": 10.356714634282442,
  "best_params": {
    "lgb_lr": 0.012231415443284788,
    "lgb_num_leaves": 233,
    "lgb_max_depth": 8,
    "lgb_min_child_samples": 92,
    "lgb_subsample": 0.8952998254229149,
    "lgb_colsample_bytree": 0.4448571283821456,
    "lgb_reg_alpha": 0.06536773212960893,
    "lgb_reg_lambda": 4.74579011977054,
    "xgb_lr": 0.011610803685215854,
    "xgb_max_depth": 3,
    "xgb_min_child_weight": 31,
    "xgb_subsample": 0.635266655250298,
    "xgb_colsample_bytree": 0.9093633458620625,
    "xgb_reg_alpha": 4.762594894108931,
    "xgb_reg_lambda": 7.771948997485192,
    "feature_selection": false,
    "feature_selection_ratio": 0.6073347939877913,
    "feature_selection_min": 47,
    "purge_days": 84.0014299341346,
    "min_purge_days": 15.6987275408086,
    "dl_d_model": 256,
    "dl_nhead": 4,
    "dl_num_layers": 1,
    "dl_dim_ff": 512,
    "dl_dropout": 0.17284433760619108,
    "dl_lr": 0.0025585775737900457,
    "dl_batch_size": 32,
    "dl_epochs": 38,
    "dl_global_hidden": 256,
    "dl_fusion_hidden": 128,
    "gnn_node_hidden": 32,
    "gnn_layers": 4,
    "gnn_sigma": 28.510090064804306,
    "gnn_radius_km": 119.02887847965988,
    "gnn_gru_hidden": 32,
    "gnn_gru_layers": 1,
    "gnn_dropout": 0.14586695678186545,
    "gnn_lr": 0.0013022836713612069,
    "gnn_batch_size": 16,
    "gnn_epochs": 25,
    "gnn_global_hidden": 64,
    "gnn_fusion_hidden": 64,
    "ensemble_grid_step": 0.02,
    "mag_weight": 3.0
  },
  "best_available_models": [
    "baseline",
    "xgboost"
  ],
  "best_mag_weights": {
    "baseline": 0.4,
    "xgboost": 0.6
  },
  "best_time_weights": {
    "baseline": 0.48,
    "xgboost": 0.52
  },
  "best_holdout": {
    "holdout_mag_rmse": 2.506253261198775,
    "holdout_mag_mae": 1.9712173268943474,
    "holdout_mag_medae": 1.4146475200128728,
    "holdout_time_rmse": 8.606539724991908,
    "holdout_time_mae": 7.29983661579489,
    "holdout_time_medae": 5.689470734959366,
    "holdout_time_asymmetric_rmse": 9.790355187672063,
    "holdout_time_asymmetric_mae": 11.153798462346169,
    "holdout_energy_ratio_median": 132.6881441356416,
    "holdout_bath_deviation": 1.1689605914052072,
    "holdout_combined": 12.296608448870838,
    "holdout_n": 20.0
  },
  "late_weight": 2.0,
  "include_dl": true,
  "include_gnn": true,
  "timestamp": "2026-05-20T09:35:39.423081+00:00"
}