{
  "created_at": "2026-05-20T16:24:40.674532+00:00",
  "data": "/home/ningyd/CodingSpace/aftershock_qualification_train/data/processed/qualification_features.csv",
  "feature_count": 109,
  "models": [
    "baseline",
    "xgboost"
  ],
  "window_metrics": {
    "T1": {
      "baseline": {
        "mag_rmse": 0.18869474678135315,
        "mag_mae": 0.06108422546553057,
        "time_hour_rmse": 3.066535384173887,
        "time_hour_mae": 1.5992570211094275,
        "time_hour_asymmetric_rmse": 3.357992740147164,
        "time_hour_hit_rate": 0.8420382165605096
      },
      "xgboost": {
        "mag_rmse": 0.18663540107833404,
        "mag_mae": 0.057452993945717505,
        "time_hour_rmse": 3.040865274042789,
        "time_hour_mae": 1.5207053596963622,
        "time_hour_asymmetric_rmse": 3.278394747478344,
        "time_hour_hit_rate": 0.8453503184713376
      }
    },
    "T2": {
      "baseline": {
        "mag_rmse": 0.3398321861499759,
        "mag_mae": 0.10241516664049052,
        "time_hour_rmse": 9.529419974259106,
        "time_hour_mae": 5.572523791628016,
        "time_hour_asymmetric_rmse": 11.1046099892013,
        "time_hour_hit_rate": 0.7337579617834394
      },
      "xgboost": {
        "mag_rmse": 0.33956225292926656,
        "mag_mae": 0.09632997126958673,
        "time_hour_rmse": 9.252137133176216,
        "time_hour_mae": 5.244706427370896,
        "time_hour_asymmetric_rmse": 10.739554208366025,
        "time_hour_hit_rate": 0.728407643312102
      }
    },
    "T3": {
      "baseline": {
        "mag_rmse": 2.025329983907237,
        "mag_mae": 1.5269575170471559,
        "time_hour_rmse": 19.21549819592599,
        "time_hour_mae": 12.909393980207598,
        "time_hour_asymmetric_rmse": 22.953258027592717,
        "time_hour_hit_rate": 0.7821656050955414
      },
      "xgboost": {
        "mag_rmse": 1.9889226860031468,
        "mag_mae": 1.4995905111614165,
        "time_hour_rmse": 18.413546390695576,
        "time_hour_mae": 11.465246753655915,
        "time_hour_asymmetric_rmse": 21.996373420957646,
        "time_hour_hit_rate": 0.7836942675159235
      }
    }
  }
}