{
  "lgb_lr": 0.020805149983479484,
  "lgb_num_leaves": 53,
  "lgb_max_depth": 9,
  "lgb_min_child_samples": 82,
  "lgb_subsample": 0.6338428522774332,
  "lgb_colsample_bytree": 0.7261239233016299,
  "lgb_reg_alpha": 0.3624879513010549,
  "lgb_reg_lambda": 0.16160190096566054,
  "xgb_lr": 0.010928667943950646,
  "xgb_max_depth": 3,
  "xgb_min_child_weight": 46,
  "xgb_subsample": 0.6848104722648698,
  "xgb_colsample_bytree": 0.6286727513946292,
  "xgb_reg_alpha": 6.825798573542795,
  "xgb_reg_lambda": 0.781399744271851,
  "feature_selection": true,
  "feature_selection_ratio": 0.7433282665303783,
  "feature_selection_min": 60,
  "purge_days": 9.44692094626111,
  "min_purge_days": 7.939063605467763,
  "ensemble_grid_step": 0.02,
  "mag_weight": 3.0
}